"src","title","discount","lastTime","idname"
"https://z3.tuanimg.com/imagev2/zhaoshang/600x600.bf7a952cdc19bcf6692070bc2ad5325b.380x380.jpg","苏醒的乐园夏装特卖会","满1件3.5折","剩余1天","568720"
"https://z3.tuanimg.com/imagev2/trade/800x800.266d7c6e7d7f6b373accc3fd1c5a52a6.380x380.jpg","芊艺新款上新特卖专场","满1件7折 2件6.8折","剩余3天","575560"
"https://z3.tuanimg.com/imagev2/zhaoshang/600x600.06c5c411bfedef42609b2dc50fd31aa0.380x380.jpg","卓多姿夏季新款尝鲜特惠","满1件4.5折 2件4折","剩余5天","572232"
"https://z8.tuanimg.com/imagev2/zhaoshang/600x600.66adc5601dc9370e1ede2aa728f2eadc.380x380.jpg","咏仕春装清仓专场","满1件5折","剩余6天","575482"
"https://z3.tuanimg.com/imagev2/zhaoshang/800x800.e03e2a89210b786950f44820234a6ea8.380x380.jpg","范思蓝恩福利清仓专场","满1件5折","剩余2天","568876"
"https://z3.tuanimg.com/imagev2/zhaoshang/600x600.44de05e8969ffc8a97fd5e986116a151.380x380.jpg","卓图女装品质专场","满1件4.5折","剩余1天","547346"
"https://z2.tuanimg.com/imagev2/zhaoshang/800x800.999720fafc5ff3b07afd44858c29d693.380x380.jpg","她图反季特惠专场","满2件3折","剩余1天","571510"
"https://z2.tuanimg.com/imagev2/zhaoshang/600x600.4ab058b6a4564ab464f9291bb731213f.380x380.jpg","DOOC夏装促销专场","49元任选2件起","剩余6天","575462"
"https://z2.tuanimg.com/imagev2/zhaoshang/800x800.1cae36b5856a21dfa9847ebe11a08b3d.380x380.jpg.webp","她图夏装促销专场","满3件3.5折","剩余6天","575460"
"https://z2.tuanimg.com/imagev2/zhaoshang/600x600.d6be1f043e073549b8554e8fbf8d8a25.380x380.jpg.webp","唯唯夏装清仓专场","满1件5折","剩余4天","575418"
"https://z3.tuanimg.com/imagev2/zhaoshang/600x600.40a3c430dcf539e8baa6c8c270f984db.380x380.jpg.webp","naegvrre夏装促销专场","满1件5折","剩余4天","575420"
"https://z2.tuanimg.com/imagev2/zhaoshang/600x600.5b7e4059e41221f62b1bdd2cb4a840e9.380x380.jpg.webp","唯思凡男女童装专场","满2件7.5折起","剩余7天","573708"
"https://z8.tuanimg.com/imagev2/zhaoshang/600x600.a8e4ec5a3e8e68a49d0c61549ce23604.380x380.jpg.webp","小红人新品上新专场","满1件7折,满2件6.5折","剩余5天","570076"
"https://z2.tuanimg.com/imagev2/zhaoshang/600x600.a720ab654fb516587f295667a1828391.380x380.jpg.webp","韩都衣舍夏季新款尝鲜特惠","满1件6折 2件5折","剩余13小时","575550"
"https://z3.tuanimg.com/imagev2/zhaoshang/600x600.5c697ef9d55c40f579095b010b5dae4e.380x380.jpg.webp","冰雪丹尼夏装清仓专场","满1件4.9折","剩余13小时","576000"
"https://z8.tuanimg.com/imagev2/trade/800x800.db8dc9ccd31675028b86cc1cb0878674.380x380.jpg.webp","卡洛怡一口价裤装特惠","19元任选1件起","剩余3天","569014"
"https://z3.tuanimg.com/imagev2/zhaoshang/800x800.c84aeb2432987cc6289eb7262d8129a2.380x380.jpg.webp","思曼莉夏装爆款促销专场","满2件6.8折","剩余5天","575454"
"https://z8.tuanimg.com/imagev2/zhaoshang/600x600.e38ec8afe2c735d49e023cc4e89b28dd.380x380.jpg.webp","苏醒的乐园反季清仓","满1件3折","剩余6天","576362"
"https://z8.tuanimg.com/imagev2/zhaoshang/600x600.e348a6324e3813c9d666cdb752bdd463.380x380.jpg.webp",":361°夏季焕新专场","满1件3折","剩余1天","574266"
"https://z8.tuanimg.com/imagev2/zhaoshang/800x800.f5a1ad781d833ed97e8c6a143e459d1a.380x380.jpg.webp","花花公子男装特卖专场","99元任选3件","剩余4天","573124"
"https://z2.tuanimg.com/imagev2/zhaoshang/600x600.b4406efa29b2964357ed25aa1525e3a7.380x380.jpg.webp","韩都衣舍男装尚新特卖专场","满1件7折","剩余5天","574694"
"https://z2.tuanimg.com/imagev2/zhaoshang/800x800.7cd03bab6051d2a62e896679a3ded3af.380x380.jpg.webp","卡洛怡精选裤装特惠专场","满1件7折 2件6.8折","剩余5天","572238"
"https://z8.tuanimg.com/imagev2/zhaoshang/800x800.ff73df53e10399a2d83312ce58c1c4e3.380x380.jpg.webp","倾城觅景女鞋上新专场","满1件5折","剩余6天","575674"
"https://z8.tuanimg.com/imagev2/trade/800x800.2986dc0220498e2c30a976a6cb23f8ee.380x380.jpg.webp","千佰莉女鞋超级品牌日","满1件4.8折","剩余5天","570078"
"https://z8.tuanimg.com/imagev2/zhaoshang/600x600.98d7a482c155337683692c6dd32b02bb.380x380.jpg.webp","纽巴伦夏季运动专场","满168元减30元","剩余4天","573784"
"https://z3.tuanimg.com/imagev2/trade/800x800.319332a8a7f0adf8986a025d09e82fcc.380x380.jpg.webp","俏传夏装美衣焕新专场","39元任选2件起","剩余5天","575452"
"https://z8.tuanimg.com/imagev2/zhaoshang/800x800.467022963c9df478eeccc16742660235.380x380.jpg.webp","依尚街区夏装美衣焕新专场","满1件4.2折","剩余1天","571576"
"https://z3.tuanimg.com/imagev2/zhaoshang/800x800.092120ad91943fb04da9b1e2ceaf2c6f.380x380.jpg.webp","金帅威运动热销专场","满2件3.8折","剩余4天","574002"
"https://z2.tuanimg.com/imagev2/trade/800x800.1806c5e842eb1a7a1da58f63f79f49d9.380x380.jpg.webp","茵曼夏季精选女装专场","满1件6折","剩余4天","575556"
"https://z8.tuanimg.com/imagev2/zhaoshang/600x600.55d58794552634f26b3d9e2294391c6e.380x380.jpg.webp","富贵鸟男女鞋上新专场","满1件4.5折","剩余6天","574608"
"https://z3.tuanimg.com/imagev2/trade/790x790.9e6921e27164c79bfa5b536146e13586.380x380.jpg.webp","听格时尚裙装套装钜惠专场","满1件5折","剩余1天","568860"
"https://z2.tuanimg.com/imagev2/trade/800x800.b3fb00fd6c59818380d43b2ac9df0545.380x380.jpg.webp","芙娜妮夏季美裙套装特惠","满1件5折","剩余2天","568654"
"https://z8.tuanimg.com/imagev2/zhaoshang/800x800.b3972fd28531d1d850c185708ccd181d.380x380.jpg.webp","芊艺职业装特惠专场","满1件7折 2件6.5折","剩余1天","575634"
"https://z2.tuanimg.com/imagev2/zhaoshang/800x800.cab86630d311ea623b9ac7390b2fbcff.380x380.jpg.webp","茄汁夏季促销专场","满2件6.5折","剩余5天","576386"
"https://z3.tuanimg.com/imagev2/zhaoshang/600x600.7728291b88cf80e2f64fed44028a0aa2.380x380.jpg.webp","特步&361°折扣特卖专场","满1件6折","剩余4天","573932"
"https://z2.tuanimg.com/imagev2/zhaoshang/600x600.eb7919a662aeb1f377d99dfdecaf1d0d.380x380.jpg.webp","奔仔童鞋夏季上新","39元任选2件起","剩余5天","575562"
"https://z8.tuanimg.com/imagev2/zhaoshang/600x600.ded02c9499bda0c1f3dfbded755758e2.380x380.jpg.webp","玛丹曼格女鞋上新专场","满1件7折,满2件6.8折","剩余5天","570084"
"https://z3.tuanimg.com/imagev2/trade/800x800.2cdbe4990e47c7863dc6db4b3f2c64cf.380x380.jpg.webp","舒猫女鞋夏季上新专场","满1件5折","剩余6天","572600"
"https://z8.tuanimg.com/imagev2/zhaoshang/600x600.0e979de36c6720241ea070f767e39ff6.380x380.jpg.webp","兰诗缇娜夏季精选女装钜惠","满2件6.8折","剩余2天","569690"
"https://z8.tuanimg.com/imagev2/zhaoshang/600x600.20f5e653f98359b60ecf119487279902.380x380.jpg.webp","优乐贝0-6岁女童专场","满2件8折","剩余6天","573588"
"https://z2.tuanimg.com/imagev2/zhaoshang/800x800.a47030faa83d383ec6abc589f4f90ead.380x380.jpg.webp","唐狮感恩回馈底价特卖","满1件4.5折","剩余6天","577894"
"https://z3.tuanimg.com/imagev2/zhaoshang/600x600.34d2af6e3c144b6836dbf082d09c46b9.380x380.jpg.webp","迪士尼官品童鞋专场","59元任选3件起","剩余5天","573586"
"https://z8.tuanimg.com/imagev2/zhaoshang/600x600.0708812bdfd670cfad4550b34cc751e2.380x380.jpg.webp","garthphil牛皮女鞋专场","牛皮鞋99元2件起","剩余5天","574946"
"https://z8.tuanimg.com/imagev2/zhaoshang/600x600.8326e660f1d4f376a9d512d46ba0fa6f.380x380.jpg.webp","微菲尔时尚银饰专场","38元任选4件","剩余6天","575344"
"https://z8.tuanimg.com/imagev2/zhaoshang/600x600.6ead289aecb96f5e3dd420fdd0cdd33a.380x380.jpg.webp","欧惑夏装促销专场","满1件5折","剩余2天","571572"
"https://z2.tuanimg.com/imagev2/zhaoshang/600x600.c5fe346e23a2b03e591655ec9d5943ee.380x380.jpg.webp","欧鑫巽底价清仓专场","20元任选2件","剩余6天","576370"
"https://z2.tuanimg.com/imagev2/zhaoshang/800x800.d1e955706640c178338089cbbbbe1482.380x380.jpg.webp","猫人爆款特惠专场","满1件5折","剩余6天","573260"
"https://z3.tuanimg.com/imagev2/zhaoshang/600x600.f5e4ea9e01f46198f3f516bcccc69c7b.380x380.jpg.webp","戈美其女鞋热卖专场","满1件55折2件5折","剩余6天","574656"
"https://z2.tuanimg.com/imagev2/zhaoshang/600x600.2c3bbd8ec16b504775090210b446e2b1.380x380.jpg.webp","爱格瑞思时尚女鞋专场","满1件4.8折","剩余6天","574526"
"https://z2.tuanimg.com/imagev2/zhaoshang/600x600.f761033eac88019c41031fbb0017ca74.380x380.jpg.webp","MLB大牌棒球帽专场","满1件5折","剩余5天","575298"
"https://z8.tuanimg.com/imagev2/zhaoshang/800x800.1f1ea9a33cae97d33f02c989386ba42d.380x380.jpg.webp","塞洛妮夏装促销专场","满1件4折","剩余1天","571544"
"https://z2.tuanimg.com/imagev2/zhaoshang/600x600.9c2fd0daefe343cf05ca52c220edd401.380x380.jpg.webp","西施鸟裤装底价清仓专场","满2件9.8折","剩余4天","569556"
"https://z2.tuanimg.com/imagev2/zhaoshang/600x600.3ca35c173b9e2dd4f754174c1d62f50a.380x380.jpg.webp","莎沃儿大码夏装特卖专场","69元任选2件起","剩余5天","576366"
"https://z2.tuanimg.com/imagev2/zhaoshang/600x600.4dc52572faaf55dd370b735eaf6b52bb.380x380.jpg.webp","贵人鸟童鞋专场","满1件7折起","剩余6天","578202"
"https://z3.tuanimg.com/imagev2/zhaoshang/600x600.04f848544b442b21623fa84264385ff3.380x380.jpg.webp","依思q上新特价专场","满1件4折","剩余2天","569328"
"https://z2.tuanimg.com/imagev2/zhaoshang/600x600.ead0f3c0c49397186c4c81efebd28cd8.380x380.jpg.webp","卓诗尼特惠女鞋上新专场","79元2件起","剩余4天","569402"
"https://z3.tuanimg.com/imagev2/zhaoshang/600x600.dec637b4028e4bc1c84a5b30e9b43eab.380x380.jpg.webp","小象和风 家居服抢购！","满1件7折,2件6.5折","剩余6天","573314"
"https://z3.tuanimg.com/imagev2/trade/800x800.2448bcee5a56b9f38f9a24bd5eb5016d.380x380.jpg.webp","美衣美幻时尚夏装特惠专场","满1件5折","剩余3天","569180"
"https://z2.tuanimg.com/imagev2/zhaoshang/600x600.9b5f6cd27a1195085423b9648013b5cb.380x380.jpg.webp","则锐时尚女装特卖专场","19元任选1件起","剩余4天","576380"
"https://z3.tuanimg.com/imagev2/zhaoshang/600x600.851de356455ce8660f64866f52a02489.380x380.jpg.webp","HelloKitty童鞋入驻专场","59元任选3件起","剩余6天","575572"
"https://z2.tuanimg.com/imagev2/zhaoshang/600x600.0e19013d680d3c19399759d16cd32f5a.380x380.jpg.webp","色想夏季新款尝鲜特惠","满1件4.5折","剩余3天","568926"
"https://z8.tuanimg.com/imagev2/zhaoshang/600x600.149d3d67c336731f07a41dec0e9ec9fc.380x380.jpg.webp","帝柔夏季上新特卖会","38元任选1件起","剩余3天","569340"
"https://z8.tuanimg.com/imagev2/zhaoshang/600x600.416d49cfe9da733213421e3007af38af.380x380.jpg.webp","CN夏季男装特价专场","满1件8.5折","剩余5天","579106"
"https://z8.tuanimg.com/imagev2/zhaoshang/600x600.201f0fa15e563f5a3c444db7445840e7.380x380.jpg.webp","ST.DIER特惠清仓专场","满1件3折","剩余1天","571512"
"https://z2.tuanimg.com/imagev2/zhaoshang/600x600.8f5ba2fcb9064ccd681d3fe59417d747.380x380.jpg.webp","稻草人品牌女包专场","满1件7折","剩余6天","573946"
"https://z8.tuanimg.com/imagev2/zhaoshang/600x600.a6391e7d4a217035db44d5e332cf1600.380x380.jpg.webp","人本男女鞋特价专场","帆布鞋49元2件起","剩余6天","574564"
"https://z8.tuanimg.com/imagev2/zhaoshang/800x800.c156f2c7b8c784993e4ad35128add47d.380x380.jpg.webp","阁楼花开T恤促销专场","满2件3.5折","剩余2天","571548"
"https://z8.tuanimg.com/imagev2/zhaoshang/600x600.11c6013597c732c449e7de54abed20ec.380x380.jpg.webp","薇馨媛一口价清仓特卖","20元任选2件起","剩余3天","568916"
"https://z8.tuanimg.com/imagev2/zhaoshang/600x600.00c02ab6eeee3ad0b35cc5c49e0733b1.380x380.jpg.webp","ABCKIDS品牌童鞋专场","满1件3.8折","剩余2天","575242"
"https://z2.tuanimg.com/imagev2/zhaoshang/600x600.d9f777f9521f1de932c094b98a56fc98.380x380.jpg.webp","韩爱诗文胸新品特卖","满1件5折","剩余6天","573348"
"https://z3.tuanimg.com/imagev2/zhaoshang/800x800.d5d45f5f19549af2c1ae07984e9bbe8b.380x380.jpg.webp","纳利姿时尚新装夏季特惠","满1件4折","剩余6天","572218"
"https://z2.tuanimg.com/imagev2/zhaoshang/800x800.3fe7c0448548685d890e8f59fe1be934.380x380.jpg.webp","劳伦王子6-18岁男童专场","满2件8.5折起","剩余6天","573704"
"https://z8.tuanimg.com/imagev2/zhaoshang/700x700.a2e4fdfaa0bb20e0ca2713ab97947ec1.380x380.jpg.webp","罗蒙品质男装与惠同行","满1件8折","剩余6天","574692"
"https://z2.tuanimg.com/imagev2/zhaoshang/600x600.c20b0735e82a8736f1d73f948e034c98.380x380.jpg.webp","水花干果世家专场","满2件6.9折","剩余6天","571478"
"https://z2.tuanimg.com/imagev2/zhaoshang/600x600.345e1993ded52e0514cc0b0308311bfe.380x380.jpg.webp","养生堂汤臣倍健保健专场","¥9.9-¥318","剩余6天","573424"
"https://z8.tuanimg.com/imagev2/zhaoshang/600x600.8a15b34c16cb5922208243fa6a59c9f4.380x380.jpg.webp","贝乐咿1-6岁婴幼童专场","满2件8折","剩余6天","572338"
"https://z8.tuanimg.com/imagev2/zhaoshang/600x600.83c03da9f53951d02839c2e52cac5007.380x380.jpg.webp","正莉舒适聚拢文胸专场","满1件9折,2件8折","剩余6天","573716"
"https://z2.tuanimg.com/imagev2/zhaoshang/800x800.46eb7b3b881387cd423323834029267e.380x380.jpg.webp","万斯哲男装热销专场","满1件8折","剩余4天","573136"
"https://z2.tuanimg.com/imagev2/zhaoshang/600x600.c057560f2d3855e3cd4c1f8ac9f6ff26.380x380.jpg.webp","初语福利清仓特惠专场","99元任选3件起","剩余6天","571412"
"https://z3.tuanimg.com/imagev2/zhaoshang/600x600.ba7e852c53a135b37371350029fd3c94.380x380.jpg.webp","361°低价嗨购专场","¥119-¥419","剩余4天","573910"
"https://z8.tuanimg.com/imagev2/zhaoshang/800x800.1e7c8be14b2ac87a27664af5c0e86ed0.380x380.jpg.webp","tiiek休闲裤焕新专场","满1件2.9折起","剩余1天","571524"
"https://z2.tuanimg.com/imagev2/zhaoshang/800x800.9968f2e9cacd987ddbd3a789a669c19d.380x380.jpg.webp","ANNSUU复古美衣促销专场","满2件4.5折","剩余6天","575492"
"https://z3.tuanimg.com/imagev2/zhaoshang/800x800.55562691ce598d5b3f95910d14ba442c.380x380.jpg.webp","景鸿俄罗斯零食专场","¥8.9-¥49","剩余5天","574544"
"https://z8.tuanimg.com/imagev2/zhaoshang/800x800.353865737d0ef2e698e853e59b81cf7d.380x380.jpg.webp","俞兆林运动瑜伽专场","满1件8.8折","剩余4天","574408"
"https://z2.tuanimg.com/imagev2/zhaoshang/600x600.164628011c6857607d4688e5873e651c.380x380.jpg.webp","美特斯邦威夏装特惠专场","满3件6折","剩余6天","575472"
"https://z3.tuanimg.com/imagev2/zhaoshang/600x600.986ec804aa9507e216fc7e97c35109fc.380x380.jpg.webp","vivo&三星手机约惠","最高直降1000","剩余6天","573226"
"https://z3.tuanimg.com/imagev2/zhaoshang/800x800.66db71c16c2634a3a854824ac78b2dbd.380x380.jpg.webp","俞兆林内裤上新发布","满1件9折,2件8折","剩余6天","573918"
"https://z8.tuanimg.com/imagev2/zhaoshang/600x600.fdef85480f11e97133f6b4fc7d7f0bc9.380x380.jpg.webp","洛茵思夏装特惠专场","满1件4.8折","剩余13小时","570058"
"https://z2.tuanimg.com/imagev2/trade/800x800.6a348bbed09ff132d54c52db89dd8b81.380x380.jpg.webp","柏茜雅居家百货专场","满3件7.9折","剩余6天","570960"
"https://z3.tuanimg.com/imagev2/zhaoshang/600x600.ee341c6ed080f707472acc20acc8db33.380x380.jpg.webp","冠琴手表品牌专场","满1件8.5折","剩余6天","575330"
"https://z8.tuanimg.com/imagev2/zhaoshang/600x600.7a383d1809759712483e97ce82aa7062.380x380.jpg.webp","婪墨T恤厂家清仓专场","49元任选3件","剩余6天","572636"
"https://z8.tuanimg.com/imagev2/trade/800x800.3fd5004ba4c4092b655ea3c665ece706.380x380.jpg.webp","兹眸精选妈妈装特惠专场","满1件7折 2件6.7折","剩余6天","571402"
"https://z8.tuanimg.com/imagev2/zhaoshang/600x600.211a817896d4cc7a2296150d040eb0db.380x380.jpg.webp","攀豹男装特卖专场","满1件8折","剩余4天","574550"
"https://z8.tuanimg.com/imagev2/zhaoshang/600x600.510048ac5a0867c69817c1e9b332023f.380x380.jpg.webp","馨梦缘服饰特卖专场","满2件8.6折","剩余6天","571782"
"https://z8.tuanimg.com/imagev2/zhaoshang/600x600.85d288dfb33e898a21a88519ac543181.380x380.jpg.webp","自然堂 你本来就很美","满69减15元起","剩余6天","572852"
"https://z8.tuanimg.com/imagev2/zhaoshang/750x750.9134e3c6ab86f26d0c4421834c69b9f2.380x380.jpg.webp","鸿越女鞋上新专场","满1件5折","剩余5天","570448"
"https://z8.tuanimg.com/imagev2/zhaoshang/800x800.12a9e8805215328213db2bc8df5032f6.380x380.jpg.webp","莱维妮真皮潮包专场","满1件5折","剩余5天","574384"
"https://z8.tuanimg.com/imagev2/trade/800x800.d03880c48990140aae302d88b1db73e6.380x380.jpg.webp","相德夫精选妈妈装特惠","满1件6.5折","剩余6天","571406"
"https://z8.tuanimg.com/imagev2/zhaoshang/600x600.e6daa7bae5ae652e235bb10786dbfa0d.380x380.jpg.webp","家得宝纸尿裤专场","满98元减10元,可领券","剩余8天","576714"
"https://z3.tuanimg.com/imagev2/zhaoshang/600x600.1bfb96b8dbcd9c1d5d772a10f7651a9d.380x380.jpg.webp","毅人男装特卖专场","满399元减20元","剩余4天","574562"
"https://z2.tuanimg.com/imagev2/zhaoshang/800x800.a8a89de6564898c2b3ce79cc52e3e557.380x380.jpg.webp","茉莉绒夏装促销专场","满2件6.5折","剩余6天","575468"
"https://z8.tuanimg.com/imagev2/zhaoshang/600x600.7049a99a7a7a1e7a402ef25b9c66ed2d.380x380.jpg.webp","HOO6-16岁男女童专场","满2件8.5折起","剩余6天","573568"
"https://z2.tuanimg.com/imagev2/zhaoshang/600x600.79e4ba73e4cbfec1e5e8a04a5dfb3db8.380x380.jpg.webp","伊贝姿海淘美妆","满99减30元起","剩余6天","572856"
"https://z2.tuanimg.com/imagev2/zhaoshang/750x750.784ca3dcee2f239d6a91dfcf62dbc2db.380x380.jpg.webp","雅佳特男装专场","满1件8折","剩余6天","572664"
"https://z8.tuanimg.com/imagev2/zhaoshang/600x600.15fdd9b947826be4879557388ebfd1e1.380x380.jpg.webp","七禧云999足银手镯专场","满1件8折","剩余6天","575338"
"https://z2.tuanimg.com/imagev2/zhaoshang/600x600.7848ba17b989479cae1f60522dacf5a2.380x380.jpg.webp","悦莱姿夏装特惠专场","满2件7折","剩余6天","575470"
"https://status.tuanimg.com/statics/zhe/common/img/load_deal_310.png","花千凝夏装美衣上新专场","满1件5折","剩余6天","575466"
"https://status.tuanimg.com/statics/zhe/common/img/load_deal_310.png","舒依曼美衣特惠专场","满2件5.5折","剩余2天","575488"
"https://status.tuanimg.com/statics/zhe/common/img/load_deal_310.png","蔓斯菲尔MSFE家具专场","全场低至49.0元起","剩余6天","570904"
"https://z3.tuanimg.com/imagev2/zhaoshang/600x600.a2c1aa6e0f14630e49c385aba601dc49.380x380.jpg.webp","巴布豆儿童书包专场","1件8折，2件7.5折","剩余6天","573986"
"https://z8.tuanimg.com/imagev2/zhaoshang/800x800.af235d1a37a745773f720a0cc55dbfb7.380x380.jpg.webp","记约夏季时尚女装专场","36元任选2件起","剩余13小时","568670"
"https://z8.tuanimg.com/imagev2/zhaoshang/800x800.8ee0d025c4f2d698425c27d04b14464e.380x380.jpg.webp","星云休闲食品专场","¥17.8-¥52.8","剩余6天","574604"
"https://z2.tuanimg.com/imagev2/zhaoshang/800x800.9ed690b23a8d8f343c5406d242d57322.380x380.jpg.webp","花花公子贵宾男鞋专场","满1件9折2件7折","剩余6天","574674"
"https://z8.tuanimg.com/imagev2/trade/658x658.a0e1f89ee3cf5c2bb41f3c0b3066eba3.380x380.jpg.webp","衡泽个护家电专场","全场低至10.9元起","剩余6天","572106"
"https://z3.tuanimg.com/imagev2/zhaoshang/800x800.9aa8b8f56ab25225226bbc6c973bc9fb.380x380.jpg.webp","利群羊中老年男装专场","满2件7.5折","剩余6天","577672"
"https://z8.tuanimg.com/imagev2/zhaoshang/800x800.38f62f5e23d9eef7840c5dbf8294d22d.380x380.jpg.webp","百乐芬零食糕点专场","¥9.9-¥39.9","剩余6天","576720"
"https://z3.tuanimg.com/imagev2/zhaoshang/600x600.1f7946bca1b77a5f60515de22ee1d656.380x380.jpg.webp","楠溪江纸品专场","¥14.6-¥54","剩余6天","570950"
"https://z2.tuanimg.com/imagev2/zhaoshang/800x800.deaa89f09a7354d7078cdd34bd9b7962.380x380.jpg.webp","畅雅斋文具专场","满3件7.9折","剩余6天","570958"
"https://z2.tuanimg.com/imagev2/zhaoshang/600x600.59d8bcf7cbedaf622afa40392cd0562f.380x380.jpg.webp","贝贝乐用品专场","满49元减5元","剩余6天","575538"
"https://z2.tuanimg.com/imagev2/zhaoshang/600x600.4bf0ae1d44d82b72120b28b08d58a3b5.380x380.jpg.webp","香香莉时尚女鞋专场","凉鞋59元2件起","剩余4天","574570"
"https://z2.tuanimg.com/imagev2/trade/800x800.71394472f6ec5e9090052f6d4d3487e1.380x380.jpg.webp","淘气蜡笔男女童装专场","满99元减20元,上不封顶","剩余6天","574004"
"https://z8.tuanimg.com/imagev2/zhaoshang/800x800.e8edac953c4fe8f88786a570c0987afa.380x380.jpg.webp","优迈尔品质手机壳专场","全场低至9.9元起","剩余6天","572008"
"https://z2.tuanimg.com/imagev2/zhaoshang/600x600.53897e38eaa639857eb79531df50fdd8.380x380.jpg.webp","酷锐逸朗男装夏季特惠专场","满1件5折","剩余5天","573100"
"https://z2.tuanimg.com/imagev2/zhaoshang/600x600.d36b1e18a1df5a3075b020fac55d7c9c.380x380.jpg.webp","相思鸟中年男装上新专场","满1件8折","剩余6天","572652"
"https://z2.tuanimg.com/imagev2/zhaoshang/800x800.3a11b5d8341ca4bd8920cec23cf84dd1.380x380.jpg.webp","牧柴夏季清仓男装专场","满1件4.5折","剩余4天","571828"
"https://z2.tuanimg.com/imagev2/zhaoshang/640x640.021838d00c6473d12cc0600effd54076.380x380.jpg.webp","闲然棉麻主义文艺女装","满2件4.5折","剩余6天","576388"
"https://z3.tuanimg.com/imagev2/trade/800x800.33d74641e853b5ca5cc241ff6b6976f7.380x380.jpg.webp","品牌纸品湿巾特惠专场","全场低至14.8元起","剩余6天","570846"
"https://z3.tuanimg.com/imagev2/zhaoshang/800x800.cc2e6e7ad43e801588f2e5c1f35ff42d.380x380.jpg.webp","鞋柜女鞋上新特惠专场","满1件5折","剩余3天","568762"
"https://status.tuanimg.com/statics/zhe/common/img/load_deal_310.png","佳婴纸尿裤专场","部分满99元减40元","剩余8天","576682"
"https://status.tuanimg.com/statics/zhe/common/img/load_deal_310.png","意美母婴专场","满1件7.8折,2件6.8折","剩余6天","570498"
"https://status.tuanimg.com/statics/zhe/common/img/load_deal_310.png","依思Q品牌女鞋上新专场","满1件7折2件68折","剩余13小时","565730"
"https://status.tuanimg.com/statics/zhe/common/img/load_deal_310.png","杂货铺厨房家电专场","满2件8.8折","剩余6天","572192"
"https://status.tuanimg.com/statics/zhe/common/img/load_deal_310.png","361°品牌夏季钜惠专场","专柜正品 超值底价","剩余2天","574380"
"https://status.tuanimg.com/statics/zhe/common/img/load_deal_310.png","吉普盾品牌男鞋专场","满1件5折","剩余4天","574014"
"https://status.tuanimg.com/statics/zhe/common/img/load_deal_310.png","GXG品牌男装清仓专场","满1件3.8折","剩余6天","574728"
"https://status.tuanimg.com/statics/zhe/common/img/load_deal_310.png","Parkdance英国品牌女鞋","满1件4折2件3.5折","剩余2天","573912"
"https://status.tuanimg.com/statics/zhe/common/img/load_deal_310.png","李宁正品清仓鞋服专场","专柜正品 超值底价","剩余2天","574250"
"https://status.tuanimg.com/statics/zhe/common/img/load_deal_310.png","回力品牌休闲鞋专场","全场低至29.0元起","剩余4天","574050"
"https://status.tuanimg.com/statics/zhe/common/img/load_deal_310.png","达芙妮超级品牌日","69元2件起","剩余4天","569384"
"https://status.tuanimg.com/statics/zhe/common/img/load_deal_310.png","精选小熊品质厨电专场","全场低至69.0元起","剩余6天","572124"
"https://status.tuanimg.com/statics/zhe/common/img/load_deal_310.png","珍雪绒夏装美衣上新专场","满2件4.5折","剩余3天","571568"
"https://status.tuanimg.com/statics/zhe/common/img/load_deal_310.png","沃世鸟家纺优惠购","满2件8.5折","剩余6天","572550"
"https://status.tuanimg.com/statics/zhe/common/img/load_deal_310.png","昕度沙发垫特惠专场","¥10-¥129","剩余6天","572558"
"https://status.tuanimg.com/statics/zhe/common/img/load_deal_310.png","群辉男装夏季上新专场","79元任选2件","剩余4天","571846"
"https://status.tuanimg.com/statics/zhe/common/img/load_deal_310.png","北极绒男装专场","满1件8折","剩余4天","574528"
"https://status.tuanimg.com/statics/zhe/common/img/load_deal_310.png","ZK内裤夏季上新","满2件8.8折,3件7.5折","剩余6天","573266"
"https://status.tuanimg.com/statics/zhe/common/img/load_deal_310.png","简兮居家日用专场","全场低至19.0元起","剩余6天","570938"
"https://status.tuanimg.com/statics/zhe/common/img/load_deal_310.png","精致生活日用百货专场","全场低至8.8元起","剩余6天","570934"
"https://status.tuanimg.com/statics/zhe/common/img/load_deal_310.png","哆Q萌精选女装特卖专场","满1件5折","剩余4天","569874"
"https://status.tuanimg.com/statics/zhe/common/img/load_deal_310.png","搭啵兔女鞋上新专场","满1件5折","剩余6天","575160"
"https://z3.tuanimg.com/imagev2/zhaoshang/600x600.374bd7d5447b5d89a2051dc6ba071342.380x380.jpg.webp","蒂妮佳美衣促销专场","满2件4.5折","剩余4天","575402"
"https://z2.tuanimg.com/imagev2/zhaoshang/600x600.6800d9d865e23ef03156cb351560ddb7.380x380.jpg.webp","鹰鼠中老年男装专场","满1件5折","剩余4天","574642"
"https://z3.tuanimg.com/imagev2/zhaoshang/800x800.e9a1ade248b1c10b1ce44db16eeb4061.380x380.jpg.webp","汇萌日用百货专场","全场低至6.9元起","剩余6天","570942"
"https://z8.tuanimg.com/imagev2/zhaoshang/800x800.be290e7ffefd7ba10b7ea7d9dbbd639b.380x380.jpg.webp","米子旗T恤促销专场","满2件6折","剩余4天","575410"
"https://z3.tuanimg.com/imagev2/zhaoshang/800x800.7a4db388ed03d52b63ed8ae26372f5d1.380x380.jpg.webp","春夏运动瑜伽泳衣专场","满2件8.5折","剩余4天","573900"
"https://z2.tuanimg.com/imagev2/zhaoshang/800x800.0c8e01276fbc7176d60cbafb03be635a.380x380.jpg.webp","达芙妮夏款女鞋上新","满1件5折","剩余13小时","566356"
"https://z8.tuanimg.com/imagev2/zhaoshang/600x600.d9404f919255bb397c12c22f72683b98.380x380.jpg.webp","珀莱雅 透现水嫩肌","满1件7.5折","剩余6天","572820"
"https://z3.tuanimg.com/imagev2/zhaoshang/600x600.2285efb5938130dbae1db95d3853e136.380x380.jpg.webp","依思Q品牌女包上新专场","满1件6折","剩余6天","574106"
"https://z3.tuanimg.com/imagev2/zhaoshang/800x800.bae58d1a8d0f9b7d556d87d15ad833ec.380x380.jpg.webp","博丽雅清洁用品专场","全场低至5.9元起","剩余6天","570894"
"https://z2.tuanimg.com/imagev2/trade/800x800.f16e52c4c05d5b248585e9579c560682.380x380.jpg.webp","芭菲尼学生书包促销专场","¥14.9-¥89","剩余6天","574048"
"https://z3.tuanimg.com/imagev2/trade/800x800.833dd3d5eff52b079ad92c4dbf9d62c2.380x380.jpg.webp","酷酷蒙奇男女童装专场","满99元减20元,上不封顶","剩余5天","576498"
"https://z8.tuanimg.com/imagev2/zhaoshang/600x600.3514f373332d334aef11f769ddbaa831.380x380.jpg.webp","丹戈路迪男装特卖专场","满2件7.5折","剩余4天","574500"
"https://z2.tuanimg.com/imagev2/zhaoshang/800x800.c413174a74248cb3a88a87677df81288.380x380.jpg.webp","狂飙地带数码配件专场","满2件7折","剩余6天","571862"
"https://z3.tuanimg.com/imagev2/zhaoshang/800x800.59f5fb7c184e42396a9bc34c421e9520.380x380.jpg.webp","女孩规则夏装特惠专场","满1件4.5折","剩余3天","571558"
"https://z8.tuanimg.com/imagev2/zhaoshang/600x600.68c78e890fa7ec42d03e131071f28e7e.380x380.jpg.webp","飞科爆款购专场","全场低至25.0元起","剩余6天","572058"
"https://z8.tuanimg.com/imagev2/zhaoshang/600x600.8a88af1ec47054a3e958eae2432507e7.380x380.jpg.webp","进进夏季清仓专场","39元任选2件","剩余6天","575896"
"https://z3.tuanimg.com/imagev2/zhaoshang/600x600.0395cce83c3d103c79c9d67e9a88265f.380x380.jpg.webp","大黄蜂童鞋专场","满99元减20元起","剩余5天","575258"
"https://z8.tuanimg.com/imagev2/zhaoshang/800x800.bad87419620814990e4dba31ed987fca.380x380.jpg.webp","ZHR女鞋上新特惠专场","满1件7.5折,满2件7.3折","剩余6天","570476"
"https://z8.tuanimg.com/imagev2/zhaoshang/800x800.c829649f3ee7ddb6ab59223046485755.380x380.jpg.webp","巴布豆童鞋官方专场","89元任选2件起","剩余5天","575262"
"https://z8.tuanimg.com/imagev2/zhaoshang/600x600.0dbc7358fc04647a38c3dbb72651c4f5.380x380.jpg.webp","欧奈藤女装清仓专场","满3件9折","剩余6天","571594"
"https://z8.tuanimg.com/imagev2/zhaoshang/600x600.b8038e5b112121d4fa8d3b864e722294.380x380.jpg.webp","千伊文0-7岁穿着专场","35元任选4件","剩余6天","572350"
"https://z3.tuanimg.com/imagev2/zhaoshang/800x800.21db05f832e9312a58ebb2bc495d9ba0.380x380.jpg.webp","口袋虎婴幼服饰专场","29元任选3件","剩余5天","572326"
"https://z8.tuanimg.com/imagev2/zhaoshang/800x800.57f250a17e0cb6603a573220c8ea505d.380x380.jpg.webp","八阵图休闲零食专场","满2件8.5折","剩余6天","575512"
"https://z8.tuanimg.com/imagev2/zhaoshang/600x600.6cfbfe3166b29ccee21eb35b38ed6d63.380x380.jpg.webp","贝蒂尔数码配件专场","满2件7折","剩余6天","571698"
"https://z8.tuanimg.com/imagev2/zhaoshang/600x600.54e339ccf13bed66f1b0397266dcdb75.380x380.jpg.webp","啄木鸟时尚腰带联合专场","满30元减5元","剩余6天","575322"
"https://z8.tuanimg.com/imagev2/zhaoshang/600x600.a08360b21c1dadf266431b71d5431b09.380x380.jpg.webp","独行者女鞋上新专场","满1件5折","剩余4天","569404"
"https://z2.tuanimg.com/imagev2/trade/800x800.abf6a1335f982819aac8644a00a5db5c.380x380.jpg.webp","雷克士手机配件专场","全场低至3.9元起","剩余6天","570988"
"https://z3.tuanimg.com/imagev2/zhaoshang/800x800.aa49ce58d711af145c6ef6c6417976ab.380x380.jpg.webp","木狮男装夏季特卖专场","满1件4折","剩余4天","574512"
"https://z3.tuanimg.com/imagev2/zhaoshang/800x800.52c7523e01f1d512a1ef3c3513fd1110.380x380.jpg.webp","红蜻蜓特价专场","35元任选1件","剩余6天","577048"
"https://z8.tuanimg.com/imagev2/zhaoshang/600x600.8b3cf22459dd18ef50803ac59c2e310f.380x380.jpg.webp","361°精选运动特卖专场","满1件5.5折","剩余4天","573974"
"https://z2.tuanimg.com/imagev2/zhaoshang/600x600.d0b60aab8ec321279516dd6a7c22e038.380x380.jpg.webp","卡路丝裙装夏季特惠专场","满1件5折","剩余5天","571420"
"https://z8.tuanimg.com/imagev2/zhaoshang/657x657.d3fa81aa597c5fddad72d535269f2399.380x380.jpg.webp","牧苗儿孕妈服饰专场","满2件8折","剩余7天","571604"
"https://z3.tuanimg.com/imagev2/zhaoshang/750x750.6db743e09d40349394f5943ba0c5496f.380x380.jpg.webp","碧艺缘玉石翡翠首饰专场","¥89-¥43599","剩余6天","575124"
"https://z2.tuanimg.com/imagev2/zhaoshang/800x800.1334b9f163d44af48b68bf3d9d2dd094.380x380.jpg.webp","时光扎糖T恤换新专场","满1件3.5折","剩余6天","578500"
"https://z3.tuanimg.com/imagev2/zhaoshang/800x800.1889aa9b139b53a75119ddced32b7871.380x380.jpg.webp","康晴潮流墨镜专场","满1件9折","剩余6天","575350"
"https://z2.tuanimg.com/imagev2/zhaoshang/600x600.0e76f297fa0323aaf1ec5e2066c0680a.380x380.jpg.webp","飞利浦爆款专场","全场低至59.0元起","剩余6天","570926"
"https://z8.tuanimg.com/imagev2/trade/800x800.d0361cf4f2a52d6efc67599f811e18ca.380x380.jpg.webp","卓诗尼女鞋低价上新专场","79元2件起","剩余6天","571404"
"https://status.tuanimg.com/statics/zhe/common/img/load_deal_310.png","牧惠森男鞋上新专场","满2件8.8折","剩余6天","570502"
"https://status.tuanimg.com/statics/zhe/common/img/load_deal_310.png","贝拉黛西“1件5折”购","满1件5折,2件4.8折","剩余4天","573284"
"https://status.tuanimg.com/statics/zhe/common/img/load_deal_310.png","瑞欧时尚女鞋上新专场","满1件4.8折","剩余5天","574518"
"https://status.tuanimg.com/statics/zhe/common/img/load_deal_310.png","宝昭夏季裤装特卖专场","满2件6.8折","剩余6天","576368"
"https://status.tuanimg.com/statics/zhe/common/img/load_deal_310.png","俏甸夏装清仓专场","满1件4折","剩余4天","569916"
"https://status.tuanimg.com/statics/zhe/common/img/load_deal_310.png","三分淑女夏末特惠专场","满1件5折","剩余4天","573154"
"https://status.tuanimg.com/statics/zhe/common/img/load_deal_310.png","爱客精选夏装特惠专场","满1件5折 2件4.5折","剩余1天","576468"
"https://status.tuanimg.com/statics/zhe/common/img/load_deal_310.png","喜家家收纳清洁专场","全场低至7.9元起","剩余6天","570874"
"https://status.tuanimg.com/statics/zhe/common/img/load_deal_310.png","UTD2-8岁男童专场","满2件8折起","剩余5天","573564"
"https://status.tuanimg.com/statics/zhe/common/img/load_deal_310.png","沃世鸟文娱专场","全场低至5.9元起","剩余6天","570876"
"https://status.tuanimg.com/statics/zhe/common/img/load_deal_310.png","YYFS大码纯棉T恤特惠","¥78-¥171","剩余6天","576378"
"https://status.tuanimg.com/statics/zhe/common/img/load_deal_310.png","众诚数码配件专场","全场低至4.89元起","剩余6天","572026"
"https://status.tuanimg.com/statics/zhe/common/img/load_deal_310.png","丝飘纸品特惠专场","全场低至10.9元起","剩余6天","570892"
"https://status.tuanimg.com/statics/zhe/common/img/load_deal_310.png","月月舒折扣专场","全场低至16.8元起","剩余6天","570834"
"https://status.tuanimg.com/statics/zhe/common/img/load_deal_310.png","皓牛牙刷专场","¥6.7-¥49","剩余6天","576474"
"https://z8.tuanimg.com/imagev2/zhaoshang/600x600.63695cd2be53420f388b29dabd600731.380x380.jpg.webp","爱尚奈斯夏季妈妈装特惠","满1件6.5折","剩余6天","576376"
"https://z8.tuanimg.com/imagev2/zhaoshang/600x600.8f05d12f08413f6f437e885e97d2cd38.380x380.jpg.webp","金汇众纸尿裤专场","库存不多,早点囤货","剩余8天","576736"
"https://z2.tuanimg.com/imagev2/zhaoshang/600x600.0bb4c2e93ade1aa39d1a92c90122449c.380x380.jpg.webp","月姿喻美裙促销专场","满2件6.8折","剩余5天","575494"
"https://z3.tuanimg.com/imagev2/trade/1200x1200.eb9189c2fa8b5672f59df18d920cfc0b.380x380.jpg.webp","七格格福利清仓专场","满1件4.8折","剩余6天","575542"
"https://z2.tuanimg.com/imagev2/zhaoshang/600x600.83d5be70cb5f62dbba1525a8747575d7.380x380.jpg.webp","达芙妮品牌女鞋专场","满1件5折","剩余3天","568764"
"https://z3.tuanimg.com/imagev2/trade/800x800.e04784b871c474574bae0b40d54623e1.380x380.jpg.webp","艾爱床品特卖专场","满1件9折,满2件8折","剩余5天","572490"
"https://z2.tuanimg.com/imagev2/zhaoshang/600x600.0cb6b4abdeb8b67306bcbe0f7a617982.380x380.jpg.webp","密龄夏装焕新专场","满1件7.5折","剩余4天","575490"
"https://z8.tuanimg.com/imagev2/trade/800x800.af6b4fcb08454521897357d47af73711.380x380.jpg.webp","丹语精选打底衫夏季特惠","满1件7.5折 2件6.9折","剩余4天","569868"
"https://z2.tuanimg.com/imagev2/trade/800x800.ff1756eace9818bb831cb3a87bc613c6.380x380.jpg.webp","韩女王反季清仓特惠专场","满1件5折","剩余5天","577150"
